id_painting,title,dates,id_museum
Almond Blossoms,Bloesem,21 March 2011 - 21 June 2011,Van Gogh Museum
Almond Blossoms,Eeuwfeest Vincent van Gogh,24 May 1953 - 19 July 1953,Kröller-Müller Museum
Almond Blossoms,Eeuwfeest Vincent van Gogh,23 July 1953 - 20 September 1953,Stedelijk Museum Amsterdam
Almond Blossoms,Japan : Van Gogh's Utopia,7 June 1991 - 22 September 1991,Rijksmuseum Vincent van Gogh
Almond Blossoms,L'art contemporain. Salon 1914 / Kunst van Heden. Tentoonstelling 1914,7 March 1914 - 5 April 1914,Zaal Comité voor Artistieke Werking
Almond Blossoms,Pronkstukken uit keizerlijk Japan. Meiji-kunst uit de Khalili collectie,7 July 2006 - 22 October 2006,Van Gogh Museum
Almond Blossoms,Schilderijen van Van Gogh,2 March 1900 - 12 March 1900,Museum De Lakenhal
Almond Blossoms,Tentoonstelling Vincent van Gogh,15 July 1905 - 1 September 1905,Stedelijk Museum Amsterdam
Almond Blossoms,"Theo van Gogh 1857-1891. Kunsthandelaar, verzamelaar en broer van Vincent",24 June 1999 - 5 September 1999,Van Gogh Museum
Almond Blossoms,"Theo van Gogh 1857-1891. Marchand de tableaux, collectionneur, frère de Vincent",27 September 1999 - 9 January 2000,Musée d'Orsay
Almond Blossoms,V. van Gogh,1 July 1914 - 1 August 1914,Kölner Kunstverein
Almond Blossoms,Van Gogh & Japan,24 March 2018 - 24 June 2018,Van Gogh Museum
Almond Blossoms,Van Gogh aan het werk,1 May 2013 - 13 January 2014,Van Gogh Museum
Almond Blossoms,Van Gogh in St. Rémy and Auvers,12 November 1986 - 22 March 1987,Metropolitan Museum of Art
Almond Blossoms,Van Gogh: Up Close,25 May 2012 - 3 September 2012,National Gallery of Canada
Almond Blossoms,Van Gogh: Up Close,26 January 2012 - 6 May 2012,Philadelphia Museum of Art
Almond Blossoms,"Van Gogh's Van Goghs. Masterpieces from the Van Gogh Museum, Amsterdam",17 January 1999 - 16 May 1999,Los Angeles County Museum of Art
Almond Blossoms,"Van Gogh's Van Goghs. Masterpieces from the Van Gogh Museum, Amsterdam",4 October 1998 - 3 January 1999,National Gallery of Art
Almond Blossoms,Van Goghs brieven. De kunstenaar aan het woord,9 October 2009 - 3 January 2010,Van Gogh Museum
Almond Blossoms,Vincent van Gogh,30 March 1953 - 17 May 1953,Gemeentemuseum Den Haag
Almond Blossoms,Vincent van Gogh,14 September 1945 - 1 December 1945,Stedelijk Museum Amsterdam
Almond Blossoms,Vincent van Gogh,7 May 1955 - 19 June 1955,Zaal Comité voor Artistieke Werking
Almond Blossoms,Vincent van Gogh 1853-1890,17 October 1953 - 13 December 1953,City Art Museum of Saint Louis
Almond Blossoms,Vincent van Gogh 1853-1890,2 January 1954 - 28 February 1954,Philadelphia Museum of Art
Almond Blossoms,Vincent van Gogh 1853-1890,7 March 1954 - 30 April 1954,Toledo Museum of Art
Almond Blossoms,Vincent van Gogh 30. März 1853 - 29. Juli 1890. Zehnte Ausstellung,1 June 1914 - 5 July 1914,Kunstsalon Paul Cassirer
Almond Blossoms,Vincent van Gogh and his time. Four seasons from the Van Gogh Museum and the H.W. Mesdag Museum,"12 September 1997 - 11 November 1997, no. 11",Seiji Togo Memorial Yasuda Kasai Museum of Art
Almond Blossoms,Vincent van Gogh and Japan,18 February 1992 - 29 March 1992,National Museum of Modern Art
Almond Blossoms,Vincent van Gogh and Japan,4 April 1992 - 24 May 1992,Setagaya Art Museum
Almond Blossoms,Vincent van Gogh en zijn tijdgenooten,6 September 1930 - 2 November 1930,Stedelijk Museum Amsterdam
Almond Blossoms,Vincent van Gogh. Collection du Musée National Vincent van Gogh à Amsterdam,25 January 1973 - 15 April 1973,Kunstmuseum Bern
Almond Blossoms,Vincent van Gogh. Collection du Musée National Vincent van Gogh à Amsterdam,22 October 1972 - 15 January 1973,Musée d'Art Moderne et Contemporain Strasbourg
Almond Blossoms,Vincent van Gogh. Collection du Musée National Vincent van Gogh à Amsterdam,21 December 1971 - 10 April 1972,Orangerie des Tuileries
Almond Blossoms,"Vincent van Gogh. Gemälde, Aquarelle, Zeichnungen",18 February 1967 - 2 April 1967,Stadthalle Wolfsburg
Almond Blossoms,Vincent van Gogh. Malerier og tegninger,24 October 1963 - 15 December 1963,Louisiana Museum of Modern Art
Almond Blossoms,"Vincent van Gogh. Målningar, akvareller, teckningar",30 December 1965 - 20 February 1966,Göteborgs Konstmuseum
Almond Blossoms,"Vincent van Gogh. Målningar, akvareller, teckningar",23 October 1965 - 19 December 1965,Moderna Museet
Almond Blossoms,Vincent van Gogh. Paintings and Drawings,11 October 1970 - 29 November 1970,Baltimore Museum of Art
Almond Blossoms,Vincent van Gogh. Paintings and Drawings,14 February 1971 - 4 April 1971,Brooklyn Museum of Art
Almond Blossoms,Vincent van Gogh. Paintings and Drawings,20 December 1969 - 1 February 1970,City Art Museum of Saint Louis
Almond Blossoms,Vincent van Gogh. Paintings and Drawings,10 December 1958 - 18 January 1959,Los Angeles County Museum of Art
Almond Blossoms,Vincent van Gogh. Paintings and Drawings,14 October 1969 - 1 December 1969,Los Angeles County Museum of Art
Almond Blossoms,Vincent van Gogh. Paintings and Drawings,11 December 1970 - 31 January 1971,M.H. de Young Memorial Museum
Almond Blossoms,Vincent van Gogh. Paintings and Drawings,6 October 1958 - 30 November 1958,M.H. de Young Memorial Museum
Almond Blossoms,Vincent van Gogh. Paintings and Drawings,28 February 1970 - 5 April 1970,Philadelphia Museum of Art
Almond Blossoms,Vincent van Gogh. Paintings and Drawings,28 January 1959 - 1 March 1959,Portland Art Museum
Almond Blossoms,Vincent van Gogh. Paintings and Drawings,7 March 1959 - 19 April 1959,Seattle Art Museum
Almond Blossoms,Vincent van Gogh. Paintings and Drawings of the Vincent van Gogh Foundation Amsterdam,23 October 1968 - 12 January 1969,Hayward Gallery
Almond Blossoms,Vincent van Gogh. Paintings-Drawings / Tableaux-Dessins,6 October 1960 - 6 November 1960,Montreal Museum of Fine Arts
Almond Blossoms,Vincent van Gogh. Paintings-Drawings / Tableaux-Dessins,17 November 1960 - 18 December 1960,National Gallery of Canada
Almond Blossoms,Vincent van Gogh. Paintings-Drawings / Tableaux-Dessins,10 February 1961 - 12 March 1961,The Art Gallery of Toronto
Almond Blossoms,Vincent van Gogh. Paintings-Drawings / Tableaux-Dessins,29 December 1960 - 31 January 1961,Winnipeg Art Gallery
Almond Blossoms,"Vincent van Gogh. Paintings, Watercolors and Drawings",30 January 1962 - 11 March 1962,Albright Art Gallery
Almond Blossoms,"Vincent van Gogh. Paintings, Watercolors and Drawings",18 October 1961 - 26 November 1961,Baltimore Museum of Art
Almond Blossoms,"Vincent van Gogh. Paintings, Watercolors and Drawings",18 October 1962 - 4 November 1962,Carnegie Institute
Almond Blossoms,"Vincent van Gogh. Paintings, Watercolors and Drawings",5 December 1961 - 14 January 1962,Cleveland Museum of Art
Almond Blossoms,"Vincent van Gogh. Paintings, Watercolors and Drawings",11 December 1962 - 29 January 1963,Detroit Institute of Arts
Almond Blossoms,"Vincent van Gogh. Paintings, Watercolors and Drawings",22 March 1962 - 29 April 1962,Museum of Fine Arts Boston
Almond Blossoms,"Vincent van Gogh. Paintings, Watercolors and Drawings",2 April 1964 - 28 June 1964,Solomon R. Guggenheim Museum
Almond Blossoms,"Vincent van Gogh. Paintings, Watercolors and Drawings",2 February 1964 - 19 March 1964,Washington Gallery of Modern Art
Almond Blossoms,"Vincent van Gogh. Paintings, Watercolors and Drawings",7 February 1963 - 26 March 1963,William Rockhill Nelson Gallery of Art and Mary Atkins Museum of Fine Arts
Almond Blossoms,Vincent van Gogh. Schilderijen,30 March 1990 - 29 July 1990,Rijksmuseum Vincent van Gogh
Almond Blossoms,"Vincent van Gogh. Schilderijen, aquarellen, tekeningen",19 February 1965 - 28 March 1965,Museum voor Schone Kunsten
Almond Blossoms,"Vincent van Gogh. Schilderijen, aquarellen, tekeningen",9 January 1965 - 9 February 1965,Palais des Beaux-Arts
Almond Blossoms,Vincent van Gogh. Werken uit fransche tijd,11 June 1910 - 10 July 1910,Rotterdamsche Kunstkring
Almond Blossoms,Vincent van Gogh. Werken van genooten,27 September 1915 - 30 November 1915,Genootschap van kunstenaren Moderne Kunst Kring
Almond Blossoms,Vincent. Het Van Gogh Museum in de Hermitage Amsterdam,29 September 2012 - 25 April 2013,Hermitage Amsterdam
Almond Blossoms,Werken van Vincent van Gogh,4 July 1913 - 1 September 1913,Gebouw Lange Voorhout 1
Almond Blossoms,Werken van Vincent van Gogh,16 May 1892 - 6 June 1892,Haagsche Kunstkring [Buitenhof]
American Gothic,-,Feb 1931,-
American Gothic,-,"Feb 12 - Mar 7, 1943",-
American Gothic,-,"Jan 20, 1937.",-
American Gothic,-,"Mar 18 - Apr 20, 1949",-
American Gothic,-,"Oct 11 - Nov 11, 1949",Beloit College
American Gothic,-,"Mar 19 - Apr 8, 1939",Central Illinois Art Exposition
American Gothic,-,"May 15 - Jun 9, 1952",Coe College
American Gothic,-,"May 17 - Jun 6, 1940",Cranbrook Academy of Art
American Gothic,-,"Mar 31 - Apr 10, 1934",Pennsylvania Museum of Art
American Gothic,-,Nov 1933 - Feb 1934,Phillips Collection
American Gothic,-,"Oct 2 - Nov 8, 1935",William R. Nelson Gallery
American Gothic,-,"Mar 17 - Apr 19, 1943",Worcester Art Museum
American Gothic,"100 Artists, 100 Years: Alumni of the SAIC, Centennial Exhibition","Nov 23, 1979 - Jan 20, 1980",Art Institute of Chicago
American Gothic,125 Years of American Art,"Sep 15 - Oct 11, 1953",Syracuse Museum of Fine Arts
American Gothic,20th Century Portraits,"Dec 8, 1942 - Jan 24, 1943",Museum of Modern Art
American Gothic,A Century Of American Painting: Masterpieces Loaned by The Art Institute of Chicago,"Jun 10 - 16, 1957",Durand Art Institute
American Gothic,A Century of Progress Exhibition of Paintings and Sculpture,"Jun 1 - Nov 1, 1933",Art Institute of Chicago
American Gothic,A Century of Progress Exhibition of Paintings and Sculpture,"Jun 1 - Nov 1, 1934",Art Institute of Chicago
American Gothic,A Decade of American Painting 1930–1940,"Feb 18 - Mar 22, 1942",Worcester Art Museum
American Gothic,After Many Springs: Art in the Midwest in the 1930s,"Jan 30 - Mar 30, 2009",Des Moines Art Center
American Gothic,America After the Fall: Painting in the 1930s,"Jun 5 - Sep 18, 2016",Art Institute of Chicago
American Gothic,America After the Fall: Painting in the 1930s,"Oct 15, 2016 - Jan 30, 2017",Musee de l’Orangerie
American Gothic,America After the Fall: Painting in the 1930s,"Feb 25 - Jun 4, 2017",Royal Academy of Arts
American Gothic,"American Art: Aspects of American Painting, 1900–1940","Jun 12 - 22, 1940",Smith College Museum of Art
American Gothic,An Exhibition of American Painting from Colonial Times until Today,"Jan 10 - Feb 15, 1948",Saginaw Museum of Art
American Gothic,An Exhibition of Paintings and Drawings by Grant Wood,Mar - Apr 1935,Ferargil Galleries
American Gothic,"Art in Illinois, In Honor of the Illinois Sesquicentennial","Jun 15 - Sep 8, 1968",Art Institute of Chicago
American Gothic,Canadian National Exhibition Art Exhibit,"Aug 26 - Sep 10, 1949",-
American Gothic,"Communicating Art from Midwest Collections: American and European Paintings and Sculpture, 1835–1955","Oct 13 - Nov 6, 1955",Des Moines Art Center
American Gothic,Exhibition of Paintings by Grant Wood and Marvin D. Cone,"Jul 16 - 23, 1939","Iowa Union Lounge, University of Iowa"
American Gothic,Face of America: The History of Portraiture in the United States,"Nov 13, 1957 - Jan 26, 1958",Brooklyn Museum of Art
American Gothic,Famous American Paintings,"Oct 9 - 31, 1948",Dallas Museum of Fine Arts
American Gothic,Grant Wood and the American Scene,"Feb 3 - 24, 1957",Davenport Municipal Art Gallery
American Gothic,Grant Wood at 5 Turner Alley,"Sep 10 - Dec 4, 2005",Cedar Rapids Museum of Art
American Gothic,Grant Wood Memorial Exhibition,"Sep 1 - Oct 1, 1942",Cedar Rapids Art Association
American Gothic,Grant Wood: American Gothic and Other Fables,"Mar 2 - Jun 10, 2018",Whitney Museum of American Art
American Gothic,Grant Wood: An American Master Revealed,"Mar 23 - Sep 8, 1996",Davenport Museum of Art
American Gothic,Grant Wood: An American Master Revealed,"Dec 10, 1995 - Feb 25, 1996",Joslyn Art Museum
American Gothic,Grant Wood: An American Master Revealed,"Oct 6 - Dec 31, 1996",Worcester Art Museum
American Gothic,Grant Wood: The Regionalist Vision,"Jan 21 - Apr 15, 1984",Art Institute of Chicago
American Gothic,Grant Wood: The Regionalist Vision,"May 12 - Aug 12, 1984",M. H. DeYoung Memorial Museum
American Gothic,Grant Wood: The Regionalist Vision,"Sep 25, 1983 - Jan 1, 1984",Minneapolis Institute of Arts
American Gothic,Grant Wood: The Regionalist Vision,"Jun 16 - Sep 4, 1983",The Whitney Museum of American Art
American Gothic,Grant Wood’s Studio: Birthplace of American Gothic,"Mar 10 - Jun 11, 2006",Renwick Gallery
American Gothic,Half a Century of American Art,"Nov 16, 1939 - Jan 7, 1940",Art Institute of Chicago
American Gothic,"Landmarks in American Art, 1670–1950","Feb 26 - Mar 28, 1953",-
American Gothic,Loan Exhibition of Drawings and Paintings by Grant Wood,Feb - Mar 1935,Lakeside Press Galleries
American Gothic,Memorial Exhibition of Paintings and Drawings by Grant Wood,"Oct 29 - Dec 12, 1942",Art Institute of Chicago
American Gothic,Milestones of American Painting in Our Century,"Jan 2 - Mar 3, 1949",Institute of Contemporary Art
American Gothic,Paintings and Prints by Chicago Artists,"Feb 28 - Mar 30, 1933",Whitney Museum of American Art
American Gothic,Show of Contemporary Eastern Painting,Aug 1932,Faulkner Memorial Art Gallery
American Gothic,Show of Contemporary Eastern Painting,Jun 1932,San Diego Fine Art Gallery
American Gothic,Ten Americans,"Oct 20 - Nov 21, 1943",The Institute of Modern Art
American Gothic,"The American Century: Art and Culture, 1900–1950","Apr 23 - Aug 22, 1999",The Whitney Museum of American Art
American Gothic,The American Muse: Parallel Trends in Literature and Art,"Apr 4 - May 17, 1959",Corcoran Gallery of Art
American Gothic,The Artist and His Family,Mar 3 - Apr 1950,Dayton Art Institute
American Gothic,The Centennial Exposition,"Jun 6 - Nov 29, 1936",Dallas Museum of Fine Arts
American Gothic,The Forty–third Annual Exhibition of American Paintings and Sculpture,"Oct 30 - Dec 14, 1930",Art Institute of Chicago
American Gothic,Thirty Years of Grant Wood,"Feb 15 - Feb 23, 1955",Dubuque Art Association
American Gothic,Twenty–Fifth Annual Exhibition of Selected Paintings by American Artists,"Apr 26 - Jun 22, 1931",Albright Art Gallery
American Gothic,Twenty–Fifth Annual Exhibition of Selected Paintings by American Artists,"Apr 26 - Jun 22, 1931",Buffalo Fine Arts Academy
Au Moulin Rouge,-,1893,Boussod et Valadon
Au Moulin Rouge,-,January 1892,Les XX
Au Moulin Rouge,-,"March 29 - May 5, 1902",Salon des Indépendants
Au Moulin Rouge,7e Exposition des peintures impressionnists et symbolists,July 1894,Le Barc de Boutteville
Au Moulin Rouge,A Century of French Painting,1928,M. Knoedler & Co.
Au Moulin Rouge,A Century of Progress Exhibition of Paintings and Sculpture,"June 1 - November 1, 1934",The Art Institute of Chicago
Au Moulin Rouge,A Survey of French Painting,April - May 1936,Carnegie Institute
Au Moulin Rouge,Catalogue of an Exhibition of Paintings by Henri de Toulouse-Lautrec,December 1924 - January 1925,The Arts Club of Chicago
Au Moulin Rouge,Cent Ans de Peinture Française,April - May 1928,Stedelijk Museum
Au Moulin Rouge,"De David a Toulouse-Lautrec, Chefs d’Oeuvres des Collections Americaines",April - July 1955,Musée de l’Orangerie
Au Moulin Rouge,Exposition d’oeuvres de Toulouse-Lautrec,1914,Galeries Paul Rosenberg
Au Moulin Rouge,Exposition H. de Toulouse-Lautrec,April - May 1931,Musée des Arts Décoratifs
Au Moulin Rouge,Exposition Retrospective de l’Oeuvre de H. de Toulouse-Lautrec,June - July 1914,Galerie Manzi-Joyant
Au Moulin Rouge,French Impressionists and Post-Impressionists,November 1934,Museum of Art
Au Moulin Rouge,"Light: The Industrial Age 1750-1900: Art and Science, Technology and Society",April - July 2001,Carnegie Museum of Art
Au Moulin Rouge,"Light: The Industrial Age 1750-1900: Art and Science, Technology and Society",October 2000 - February 2001,Van Gogh Museum
Au Moulin Rouge,"Loan Exhibition of Paintings, Drawings, Prints and Posters by Henri de Toulouse-Lautrec","December 23, 1930 - January 18, 1931",Art Institute of Chicago
Au Moulin Rouge,Post-Impressionist Painting,February - April 1949,Century Club
Au Moulin Rouge,Salon des Artistes Français,1917,Palacio de Bellas Artes
Au Moulin Rouge,"Splendour and Misery, Images of prostitution in France, 1850-1910","September 21, 2015 - June 19, 2016",Musée d’Orsay
Au Moulin Rouge,Tenth Loan Exhibition: Lautrec-Redon,February - March 1931,Museum of Modern Art
Au Moulin Rouge,The Impressionists: Master Paintings from the Art Institute of Chicago,"June 29 - November 2, 2008",Kimbell Museum of Art
Au Moulin Rouge,Toulouse-Lautrec,"February 18 - June 1, 1992",Galeries Nationales du Grand Palais
Au Moulin Rouge,Toulouse-Lautrec,"October 10, 1991 - January 19, 1992",Hayward Gallery
Au Moulin Rouge,Toulouse-Lautrec,"October 29 - December 11, 1955",Philadelphia Museum of Art
Au Moulin Rouge,Toulouse-Lautrec,"January 2 - February 15, 1956",The Art Institute of Chicago
Au Moulin Rouge,Toulouse-Lautrec and Jane Avril: Beyond the Moulin Rouge,"June 16 - September 18, 2011",Courtauld Institute of Art
Au Moulin Rouge,Toulouse-Lautrec and Montmartre,"March 20 - June 12, 2005",National Gallery
Au Moulin Rouge,Toulouse-Lautrec and Montmartre,"July 16 - October 10, 2005",The Art Institute of Chicago
Au Moulin Rouge,"Toulouse-Lautrec, Paintings, Drawings, Posters",November - December 1937,M. Knoedler & Co.
Au Moulin Rouge,"Toulouse-Lautrec, Paintings, Drawings, Posters and Lithographs","March 20 - May 6, 1956",Museum of Modern Art
Au Moulin Rouge,Toulouse-Lautrec: Paintings,"October 4 - December 2, 1979",Art Institute of Chicago
Au Moulin Rouge,Toulouse-Lautrec: Resolutely Modern,"October 9, 2019 - January 27, 2020",Galeries nationales du Grand Palais
Au Moulin Rouge,Trente ans d’Art Indépendant,1926,Grand Palais
Au Moulin Rouge,"Twentieth Anniversary Exhibition, The Official Art Exhibit of the Great Lakes Exposition",June - October 1936,Cleveland Museum of Art
Beata Beatrix,-,1911,Manchester Art Gallery
Beata Beatrix,-,1883,Royal Academy of Arts
Beata Beatrix,-,1911,Tate Britain
Beata Beatrix,-,1948,Tate Britain
Beata Beatrix,-,1984,Tate Britain
Beata Beatrix,-,1997,Tate Britain
Church at Yuquot Village,Emily Carr: New Perspectives,"February 24, 2007 - May 20, 2007",Art Gallery of Ontario
Church at Yuquot Village,Emily Carr: New Perspectives,"October 15, 2007 - January 26, 2008",Glenbow Museum
Church at Yuquot Village,Emily Carr: New Perspectives,"June 21, 2007 - September 23, 2007",Montreal Museum of Fine Arts
Church at Yuquot Village,Emily Carr: New Perspectives,"June 2, 2006 - September 4, 2006",National Gallery of Canada
Church at Yuquot Village,Emily Carr: New Perspectives,"October 7, 2006 - January 7, 2007",Vancouver Art Gallery
Church at Yuquot Village,Places of Their Own,"June 29, 2001 - September 9, 2003",National Museum of Women in Art
Church at Yuquot Village,Places of Their Own,"June 29, 2001 - September 9, 2002",Santa Fe Museum of Fine Arts
Church at Yuquot Village,Places of Their Own,"June 29, 2001 - September 9, 2001",The McMichael Canadian Art Collection
Church at Yuquot Village,Places of Their Own,"June 29, 2001 - September 9, 2004",Vancouver Art Gallery
Church at Yuquot Village,"Speaking About Landscape, Speaking to the Land","November 29, 2003 - January 1, 2005",Fudger Gallery
Church at Yuquot Village,The Informing Spirit,"January 30-January 8, 1995",-
Church at Yuquot Village,The Innocence of Trees,"March 14 - May 25, 1996",Morris and Helen Belkin Art Gallery
Daniel in the Lions' Den,Exhibition of Pictures by Masters of the Flemish and British Schools including a selection from the works of Sir Peter Paul Rubens,1899 - 1900,The New Gallery
Daniel in the Lions' Den,Exhibition of the Works of the Old Masters. Winter Exhibition,1873,Royal Academy of Arts
Daniel in the Lions' Den,"In Memoria, Ailsa Mellon Bruce",1969,National Gallery of Art
Dante et Virgile,7 ans de réflexion. Dernières acquisitions,2014 - 2015,musée d'Orsay
Dante et Virgile,El canto del cisne. Pinturas académicas del Salón de Paris. Colecciones Musée d'Orsay,2015,Fundación Mapfre
Dante et Virgile,Gut · Wahr · Schön. Meisterwerke des Pariser Salons aus dem Musée d'Orsay,2017 - 2018,Kunsthalle der Hypo-Kulturstiftung
Dante et Virgile,L'ange du bizarre. Le romantisme noir de Goya à Max Ernst,2013,musée d'Orsay
Dante et Virgile,L'Enfer,2021 - 2022,Scuderie del Quirinale
Dante et Virgile,Naissance de l'impressionnisme,2014,National Art Center
Dante et Virgile,Salon,1850 - 1851,Palais Royal
Dante et Virgile,Vampires,2019 - 2020,La Cinémathèque française
Dante et Virgile,Vampires,2019 - 2020,Musée du cinéma
Dante et Virgile,William Bouguereau : 1825-1905,1984,Petit Palais
Dante et Virgile,William Bouguereau : 1825-1906,1984,Musée des Beaux-Arts de la Ville de Paris
Dante et Virgile,William Bouguereau 1825-1905,1984,Musée des Beaux-arts
Dante et Virgile,William Bouguereau 1825-1905,1984 - 1985,Wadsworth Atheneum Museum of Art
De sterrennacht,"Changing Visions: French Landscapes, 1880-1920","October 27, 1999 - March 14, 2000",The Museum of Modern Art
De sterrennacht,Collection 1880s-1940s,"October 21, 2019 - ...",The Museum of Modern Art
De sterrennacht,Collection 1880s-1940s,"October 21, 2019 - October 3, 2021",The Museum of Modern Art
De sterrennacht,Collection Highlights,"February 28, 2002 - May 21, 2002",The Museum of Modern Art
De sterrennacht,Designed for Children,"June 11, 1946 - October 6, 1946",The Museum of Modern Art
De sterrennacht,Painting and Sculpture from the Museum Collection,1964,The Museum of Modern Art
De sterrennacht,Painting and Sculpture: Inaugural Installation,"November 20, 2004 - December 31, 2005",The Museum of Modern Art
De sterrennacht,"Painting, Sculpture, Prints","May 24, 1944 - October 15, 1944",The Museum of Modern Art
De sterrennacht,Selections from the Permanent Collection of Painting and Sculpture,1993,The Museum of Modern Art
De sterrennacht,"Selections from the Permanent Collection, Painting and Sculpture",1984,The Museum of Modern Art
De sterrennacht,The Museum Collection of Painting and Sculpture,"June 20, 1945 - January 13, 1946",The Museum of Modern Art
De sterrennacht,To Be Looked At: Painting and Sculpture from The Collection,"June 29, 2002 - September 6, 2004",The Museum of Modern Art
De sterrennacht,van Gogh and the Colors of the Night,"September 21, 2008 - January 5, 2009",The Museum of Modern Art
De sterrennacht,XXVth Anniversary Exhibitions: Paintings,"October 19, 1954 - January 23, 1955",The Museum of Modern Art
Harpspelende koning David,Collectieopstelling 2023,2023,Centraal Museum
Harpspelende koning David,De wereld van Utrecht. Topstukken uit vijf collecties,2016,Centraal Museum
Harpspelende koning David,Dit is het Centraal Museum! Topstukken uit de vijf collecties,2012,Centraal Museum
Invenção baiana no. 1,Samson Flexor: Retrospectiva 1948-1958,1958,Galeria de Arte das Folhas
Invenção baiana no. 1,Morada Paulista,November - December 1986,Museu da Casa Brasileira
Invenção baiana no. 1,Bienal Brasil Século XX,April - May 1994,"Fundação Bienal de São Paulo, Parque Ibirapuera"
Invenção baiana no. 1,Arte construtiva no Brasil: Coleção Adolpho Leirner,October - December 1998,Museu de Arte Moderna de São Paulo
Invenção baiana no. 1,Arte construtiva no Brasil: Coleção Adolpho Leirner,January - March 1999,Museu de Arte Moderna do Rio de Janeiro
Invenção baiana no. 1,Samson Flexor: modulações,August - November 2003,Galeria do SESI
Invenção baiana no. 1,Samson Flexor: modulações,May - June 2003,Instituto Moreira Salles
Invenção baiana no. 1,Dimensions of Constructive Art in Brazil: The Adolpho Leirner Collection,May - September 2007,"Museum of Fine Arts, Houston"
Invenção baiana no. 1,"Constructed Dialogues: Concrete, Geometric, and Kinetic Art from the Latin American Art Collection","September 16, 2012 - January 6, 2013",The Museum of Fine Arts
Korenveld met kraaien,-,6 December 1911 - 8 January 1912,Kunsthalle Bremen
Korenveld met kraaien,-,1 October 1908 - 1 October 1908,Kunstsalon Paul Cassirer
Korenveld met kraaien,"150 jaar Nederlandse kunst. Schilderijen, beelden, tekeningen, grafiek 1813-1963",6 July 1963 - 29 September 1963,Stedelijk Museum Amsterdam
Korenveld met kraaien,172 oeuvres de Vincent van Gogh (1852-1890),22 March 1947 - 20 April 1947,Musée Rath
Korenveld met kraaien,Ausstellung Vincent van Gogh 1853-1890,12 October 1924 - 30 November 1924,Württembergischer Kunstverein
Korenveld met kraaien,Beestachtig mooi. Kijken naar dieren 1750-1900,5 October 2005 - 5 February 2006,Van Gogh Museum
Korenveld met kraaien,Cent tableaux de Vincent van Gogh,6 January 1908 - 1 February 1908,Galerie Bernheim-Jeune
Korenveld met kraaien,Eeuwfeest Vincent van Gogh,24 May 1953 - 19 July 1953,Kröller-Müller Museum
Korenveld met kraaien,Eeuwfeest Vincent van Gogh,23 July 1953 - 20 September 1953,Stedelijk Museum Amsterdam
Korenveld met kraaien,Exposition rétrospective d'oeuvres de Vincent van Gogh (1853-1890),5 January 1925 - 24 January 1925,Galerie Marcel Bernheim
Korenveld met kraaien,Expressionisme. Van Gogh tot Picasso,1 July 1949 - 1 September 1949,Stedelijk Museum Amsterdam
Korenveld met kraaien,Gogh Modern. Vincent van Gogh and contemporary art,27 June 2003 - 12 October 2003,Van Gogh Museum
Korenveld met kraaien,L'art contemporain. Salon 1914 / Kunst van Heden. Tentoonstelling 1914,7 March 1914 - 5 April 1914,Zaal Comité voor Artistieke Werking
Korenveld met kraaien,Manet and the Post-Impressionists,8 November 1910 - 15 January 1911,Grafton Galleries
Korenveld met kraaien,"Pintores Holladeses dibujos, escultura, litografia y arte aplicado, llevados por la comision del consejo para las artes representativas de la comision Holandesa en el extranjero",9 May 1921 - 1 January 1921,-
Korenveld met kraaien,Schilderijen van Vincent van Gogh,31 January 1958 - 20 February 1958,De Muntentoren
Korenveld met kraaien,Schilderijen van Vincent van Gogh,22 February 1930 - 9 March 1930,"Gebouw van de Stichting ""de Armen de Poth"""
Korenveld met kraaien,Stedelijk Museum besoger Louisiana,28 October 1961 - 3 December 1961,Louisiana Museum of Modern Art
Korenveld met kraaien,Tentoonstelling schilderijen van Vincent van Gogh,1 December 1951 - 1 January 1952,Stedelijk Museum Alkmaar
Korenveld met kraaien,Tentoonstelling schilderijen van Vincent van Gogh,3 November 1951 - 26 November 1951,Waaggebouw
Korenveld met kraaien,"Tentoonstelling van Nederlandsche Beeldende Kunsten, Regeeringsjubileum 1898-1923",1 September 1923 - 14 October 1923,Stedelijk Museum Amsterdam
Korenveld met kraaien,Tentoonstelling van schilderijen door Vincent van Gogh,1 May 1929 - 5 June 1929,Vereeniging Voor de Kunst
Korenveld met kraaien,Tentoonstelling van schilderijen door Vincent van Gogh,9 September 1905 - 2 October 1905,Vereeniging Voor de Kunst
Korenveld met kraaien,Tentoonstelling van schilderijen en teekeningen van Vincent van Gogh,16 June 1911 - 14 August 1911,Larensche Kunsthandel
Korenveld met kraaien,Tentoonstelling Vincent van Gogh,21 March 1925 - 26 April 1925,Pulchri Studio
Korenveld met kraaien,Tentoonstelling Vincent van Gogh,7 October 1950 - 5 November 1950,Raadhuis Hilversum
Korenveld met kraaien,Tentoonstelling Vincent van Gogh,15 July 1905 - 1 September 1905,Stedelijk Museum Amsterdam
Korenveld met kraaien,V. van Gogh,1 July 1914 - 1 August 1914,Kölner Kunstverein
Korenveld met kraaien,V. van Gogh Ausstellung,14 June 1908 - 28 June 1908,Frankfurter Kunstverein
Korenveld met kraaien,Van Gogh aan het werk,1 May 2013 - 13 January 2014,Van Gogh Museum
Korenveld met kraaien,Van Gogh en het Expressionisme,24 November 2006 - 4 March 2007,Van Gogh Museum
Korenveld met kraaien,Van Gogh in St. Rémy and Auvers,12 November 1986 - 22 March 1987,Metropolitan Museum of Art
Korenveld met kraaien,Van Gogh-tentoonstelling,9 April 1949 - 1 May 1949,Kunstmuseum Middelburg
Korenveld met kraaien,"Van Gogh's Van Goghs. Masterpieces from the Van Gogh Museum, Amsterdam",17 January 1999 - 16 May 1999,Los Angeles County Museum of Art
Korenveld met kraaien,"Van Gogh's Van Goghs. Masterpieces from the Van Gogh Museum, Amsterdam",4 October 1998 - 3 January 1999,National Gallery of Art
Korenveld met kraaien,Vincent van Gogh,12 January 1946 - 28 January 1946,Bonnefantenmuseum
Korenveld met kraaien,Vincent van Gogh,April 1936 - 24 May 1936,California Palace of the Legion of Honor
Korenveld met kraaien,Vincent van Gogh,25 March 1936 - 19 April 1936,Cleveland Museum of Art
Korenveld met kraaien,Vincent van Gogh,2 February 1957 - 24 February 1957,Cultureel Centrum De Beyerd
Korenveld met kraaien,Vincent van Gogh,19 December 1954 - 15 January 1955,Curaçaosch Museum
Korenveld met kraaien,Vincent van Gogh,10 November 1911 - 1 January 1912,Galerie Commeter
Korenveld met kraaien,Vincent van Gogh,30 March 1953 - 17 May 1953,Gemeentemuseum Den Haag
Korenveld met kraaien,Vincent van Gogh,23 March 1948 - 18 April 1948,Kunstforening
Korenveld met kraaien,Vincent van Gogh,27 March 1924 - 4 May 1924,Kunsthalle Basel
Korenveld met kraaien,Vincent van Gogh,3 July 1924 - 10 August 1924,Kunsthaus Zürich
Korenveld met kraaien,Vincent van Gogh,9 October 1954 - 21 November 1954,Kunsthaus Zürich
Korenveld met kraaien,Vincent van Gogh,24 April 1948 - 15 May 1948,Kunstnernes Hus
Korenveld met kraaien,Vincent van Gogh,1 March 1908 - 1 April 1908,Moderne Kunsthandlung
Korenveld met kraaien,Vincent van Gogh,12 March 1957 - 28 April 1957,Musée Cantini
Korenveld met kraaien,Vincent van Gogh,30 March 1951 - 2 May 1951,Musée de Grenoble
Korenveld met kraaien,Vincent van Gogh,24 January 1947 - 15 March 1947,Musée de l'Orangerie
Korenveld met kraaien,Vincent van Gogh,5 February 1951 - 27 March 1951,Musée de Lyon
Korenveld met kraaien,Vincent van Gogh,9 November 1957 - 16 December 1957,Museum De Lakenhal
Korenveld met kraaien,Vincent van Gogh,19 February 1936 - 15 March 1936,Museum of Fine Arts Boston
Korenveld met kraaien,Vincent van Gogh,5 November 1935 - 5 January 1936,Museum of Modern Art
Korenveld met kraaien,Vincent van Gogh,18 October 1947 - 16 November 1947,Museum van Oudheden
Korenveld met kraaien,Vincent van Gogh,12 October 1946 - 3 November 1946,Museum voor Schoone Kunsten
Korenveld met kraaien,Vincent van Gogh,27 December 1946 - 1 January 1947,Museum voor Schoone Kunsten
Korenveld met kraaien,Vincent van Gogh,9 November 1946 - 19 December 1946,Paleis voor Schoone Kunsten
Korenveld met kraaien,Vincent van Gogh,11 January 1936 - 10 February 1936,Philadelphia Museum of Art
Korenveld met kraaien,Vincent van Gogh,8 February 1946 - 24 February 1946,Raadhuis Heerlen
Korenveld met kraaien,Vincent van Gogh,20 February 1952 - 16 March 1952,Rijksmuseum Twenthe
Korenveld met kraaien,Vincent van Gogh,14 September 1945 - 1 December 1945,Stedelijk Museum Amsterdam
Korenveld met kraaien,Vincent van Gogh,21 December 1957 - 27 January 1958,Stedelijk Museum Schiedam
Korenveld met kraaien,Vincent van Gogh,22 March 1952 - 4 May 1952,Van Abbemuseum
Korenveld met kraaien,Vincent van Gogh,7 May 1955 - 19 June 1955,Zaal Comité voor Artistieke Werking
Korenveld met kraaien,Vincent van Gogh (1853-1890). Son art et ses amis,22 March 1958 - 5 May 1958,Museum voor Schoone Kunsten
Korenveld met kraaien,Vincent van Gogh 1853-1890,17 October 1953 - 13 December 1953,City Art Museum of Saint Louis
Korenveld met kraaien,Vincent van Gogh 1853-1890,27 March 1955 - 20 April 1955,Isaac Delgado Museum
Korenveld met kraaien,Vincent van Gogh 1853-1890,24 February 1955 - 20 March 1955,Lowe Gallery of the University of Miami
Korenveld met kraaien,Vincent van Gogh 1853-1890,2 January 1954 - 28 February 1954,Philadelphia Museum of Art
Korenveld met kraaien,Vincent van Gogh 1853-1890,21 January 1955 - 13 February 1955,Society of the Four Arts
Korenveld met kraaien,Vincent van Gogh 1853-1890,7 March 1954 - 30 April 1954,Toledo Museum of Art
Korenveld met kraaien,Vincent van Gogh 1853-1890. An Exhibition of Paintings and Drawings,21 February 1948 - 14 March 1948,City Art Gallery
Korenveld met kraaien,Vincent van Gogh 1853-1890. An Exhibition of Paintings and Drawings,24 January 1948 - 14 February 1948,City Art Gallery
Korenveld met kraaien,Vincent van Gogh 1853-1890. An Exhibition of Paintings and Drawings,10 December 1947 - 14 January 1948,Tate Gallery
Korenveld met kraaien,Vincent van Gogh 30. März 1853 - 29. Juli 1890. Zehnte Ausstellung,"1 June 1914 - 5 July 1914, no. 145",Kunstsalon Paul Cassirer
Korenveld met kraaien,Vincent van Gogh and his time. Four seasons from the Van Gogh Museum and the H.W. Mesdag Museum,2 September 1997 - 11 November 1997,Seiji Togo Memorial Yasuda Kasai Museum of Art
Korenveld met kraaien,Vincent van Gogh en de moderne kunst 1890-1914,16 November 1990 - 18 February 1991,Rijksmuseum Vincent van Gogh
Korenveld met kraaien,Vincent van Gogh en Provence,5 May 1951 - 27 May 1951,Hôtel de Sade
Korenveld met kraaien,Vincent van Gogh en zijn Nederlandse tijdgenoten,25 June 1948 - 30 September 1948,Stedelijk Museum Amsterdam
Korenveld met kraaien,Vincent van Gogh en zijn tijdgenooten,6 September 1930 - 2 November 1930,Stedelijk Museum Amsterdam
Korenveld met kraaien,Vincent van Gogh in zijn Hollandse jaren. Kijk op stad en land door Van Gogh en zijn tijdgenoten 1870-1890,13 December 1980 - 22 March 1981,Rijksmuseum Vincent van Gogh
Korenveld met kraaien,Vincent van Gogh Paintings and Drawings. A Special Loan Exhibition,1 February 1950 - 16 April 1950,Art Institute of Chicago
Korenveld met kraaien,Vincent van Gogh Paintings and Drawings. A Special Loan Exhibition,21 October 1949 - 15 January 1950,Metropolitan Museum of Art
Korenveld met kraaien,"Vincent van Gogh schilderijen en tekeningen, verzameling Ir. V.W. van Gogh",18 December 1959 - 1 February 1960,Centraal Museum
Korenveld met kraaien,Vincent van Gogh tentoonstelling,1 July 1908 - 1 August 1908,Kunsthandel C.M. van Gogh
Korenveld met kraaien,Vincent van Gogh tentoonstelling,3 September 1908 - 24 September 1908,Kunsthandel C.M. van Gogh
Korenveld met kraaien,Vincent van Gogh und die Moderne 1890-1914,11 August 1990 - 4 November 1990,Museum Folkwang
Korenveld met kraaien,Vincent van Gogh. Collectie ir. V.W. van Gogh,12 October 1948 - 10 January 1949,Gemeentemuseum Den Haag
Korenveld met kraaien,Vincent van Gogh. Collection du Musée National Vincent van Gogh à Amsterdam,25 January 1973 - 15 April 1973,Kunstmuseum Bern
Korenveld met kraaien,Vincent van Gogh. Collection du Musée National Vincent van Gogh à Amsterdam,22 October 1972 - 15 January 1973,Musée d'Art Moderne et Contemporain Strasbourg
Korenveld met kraaien,Vincent van Gogh. Collection du Musée National Vincent van Gogh à Amsterdam,21 December 1971 - 10 April 1972,Orangerie des Tuileries
Korenveld met kraaien,Vincent van Gogh. Fünfunddreißig unbekannte Gemälde aus Privatbesitz,22 November 1928 - 24 December 1928,Graphisches Kabinett
Korenveld met kraaien,Vincent van Gogh. Fünfunddreißig unbekannte Gemälde aus Privatbesitz,3 October 1928 - 11 November 1928,Kestner-Gesellschaft
Korenveld met kraaien,Vincent van Gogh. Fünfunddreißig unbekannte Gemälde aus Privatbesitz,24 February 1929 - 31 March 1929,Museum der bildenden Künste Leipzig
Korenveld met kraaien,"Vincent van Gogh. Gemälde, Aquarelle, Zeichnungen",18 February 1967 - 2 April 1967,Stadthalle Wolfsburg
Korenveld met kraaien,Vincent van Gogh. L'Époque Française,20 June 1927 - 2 July 1927,Galerie Bernheim-Jeune
Korenveld met kraaien,Vincent van Gogh. Malerier og tegninger,24 October 1963 - 15 December 1963,Louisiana Museum of Modern Art
Korenveld met kraaien,"Vincent van Gogh. Målningar, akvareller, teckningar",30 December 1965 - 20 February 1966,Göteborgs Konstmuseum
Korenveld met kraaien,"Vincent van Gogh. Målningar, akvareller, teckningar",23 October 1965 - 19 December 1965,Moderna Museet
Korenveld met kraaien,"Vincent van Gogh. Paintings & Drawings, Mainly from the Collection of Ir. V.W. van Gogh",11 February 1956 - 24 March 1956,Laing Art Gallery
Korenveld met kraaien,"Vincent van Gogh. Paintings & Drawings, Mainly from the Collection of Ir. V.W. van Gogh",17 December 1955 - 4 February 1956,Manchester City Art Gallery
Korenveld met kraaien,"Vincent van Gogh. Paintings & Drawings, Mainly from the Collection of Ir. V.W. van Gogh",29 October 1955 - 10 December 1955,Walker Art Gallery
Korenveld met kraaien,Vincent van Gogh. Paintings and Drawings,11 October 1970 - 29 November 1970,Baltimore Museum of Art
Korenveld met kraaien,Vincent van Gogh. Paintings and Drawings,14 February 1971 - 4 April 1971,Brooklyn Museum of Art
Korenveld met kraaien,Vincent van Gogh. Paintings and Drawings,20 December 1969 - 1 February 1970,City Art Museum of Saint Louis
Korenveld met kraaien,Vincent van Gogh. Paintings and Drawings,10 December 1958 - 18 January 1959,Los Angeles County Museum of Art
Korenveld met kraaien,Vincent van Gogh. Paintings and Drawings,14 October 1969 - 1 December 1969,Los Angeles County Museum of Art
Korenveld met kraaien,Vincent van Gogh. Paintings and Drawings,11 December 1970 - 31 January 1971,M.H. de Young Memorial Museum
Korenveld met kraaien,Vincent van Gogh. Paintings and Drawings,6 October 1958 - 30 November 1958,M.H. de Young Memorial Museum
Korenveld met kraaien,Vincent van Gogh. Paintings and Drawings,28 February 1970 - 5 April 1970,Philadelphia Museum of Art
Korenveld met kraaien,Vincent van Gogh. Paintings and Drawings,28 January 1959 - 1 March 1959,Portland Art Museum
Korenveld met kraaien,Vincent van Gogh. Paintings and Drawings,7 March 1959 - 19 April 1959,Seattle Art Museum
Korenveld met kraaien,Vincent van Gogh. Paintings and Drawings of the Vincent van Gogh Foundation Amsterdam,23 October 1968 - 12 January 1969,Hayward Gallery
Korenveld met kraaien,Vincent van Gogh. Paintings-Drawings / Tableaux-Dessins,6 October 1960 - 6 November 1960,Montreal Museum of Fine Arts
Korenveld met kraaien,Vincent van Gogh. Paintings-Drawings / Tableaux-Dessins,17 November 1960 - 18 December 1960,National Gallery of Canada
Korenveld met kraaien,Vincent van Gogh. Paintings-Drawings / Tableaux-Dessins,10 February 1961 - 12 March 1961,The Art Gallery of Toronto
Korenveld met kraaien,Vincent van Gogh. Paintings-Drawings / Tableaux-Dessins,29 December 1960 - 31 January 1961,Winnipeg Art Gallery
Korenveld met kraaien,"Vincent van Gogh. Paintings, Watercolors and Drawings",30 January 1962 - 11 March 1962,Albright Art Gallery
Korenveld met kraaien,"Vincent van Gogh. Paintings, Watercolors and Drawings",18 October 1961 - 26 November 1961,Baltimore Museum of Art
Korenveld met kraaien,"Vincent van Gogh. Paintings, Watercolors and Drawings",18 October 1962 - 4 November 1962,Carnegie Institute
Korenveld met kraaien,"Vincent van Gogh. Paintings, Watercolors and Drawings",5 December 1961 - 14 January 1962,Cleveland Museum of Art
Korenveld met kraaien,"Vincent van Gogh. Paintings, Watercolors and Drawings",11 December 1962 - 29 January 1963,Detroit Institute of Arts
Korenveld met kraaien,"Vincent van Gogh. Paintings, Watercolors and Drawings",22 March 1962 - 29 April 1962,Museum of Fine Arts Boston
Korenveld met kraaien,"Vincent van Gogh. Paintings, Watercolors and Drawings",2 April 1964 - 28 June 1964,Solomon R. Guggenheim Museum
Korenveld met kraaien,"Vincent van Gogh. Paintings, Watercolors and Drawings",2 February 1964 - 19 March 1964,Washington Gallery of Modern Art
Korenveld met kraaien,"Vincent van Gogh. Paintings, Watercolors and Drawings",7 February 1963 - 26 March 1963,William Rockhill Nelson Gallery of Art and Mary Atkins Museum of Fine Arts
Korenveld met kraaien,Vincent van Gogh. Schilderijen,30 March 1990 - 29 July 1990,Rijksmuseum Vincent van Gogh
Korenveld met kraaien,"Vincent van Gogh. Schilderijen, aquarellen, tekeningen",19 February 1965 - 28 March 1965,Museum voor Schone Kunsten
Korenveld met kraaien,"Vincent van Gogh. Schilderijen, aquarellen, tekeningen",9 January 1965 - 9 February 1965,Palais des Beaux-Arts
Korenveld met kraaien,Vincent van Gogh. Udstilling af malerier og tegninger,22 June 1946 - 14 July 1946,Charlottenborg
Korenveld met kraaien,Vincent van Gogh. Utställning anordnad till förmån för svenska hollandshjälpen,3 May 1946 - 26 May 1946,Göteborgs Konstmuseum
Korenveld met kraaien,Vincent van Gogh. Utställning anordnad till förmån för svenska hollandshjälpen,29 May 1946 - 16 June 1946,Malmö Museum
Korenveld met kraaien,Vincent van Gogh. Utställning anordnad till förmån för svenska hollandshjälpen,8 March 1946 - 28 April 1946,Nationalmuseum
Korenveld met kraaien,"Vincent van Gogh. Werken uit de verzameling van Ir. V.W. van Gogh, in bruikleen afgestaan aan de Gemeente Amsterdam",14 February 1931 - 1 January 1931,Stedelijk Museum Amsterdam
Korenveld met kraaien,Vincent van Gogh. Werken uit fransche tijd,11 June 1910 - 10 July 1910,Rotterdamsche Kunstkring
Korenveld met kraaien,Vincent van Gogh. Werken van genooten,27 September 1915 - 30 November 1915,Genootschap van kunstenaren Moderne Kunst Kring
Korenveld met kraaien,Vincent van Gogh/Paul Cézanne,1 April 1908 - 1 May 1908,Kunsthandlung Emil Richter
Korenveld met kraaien,Vincent. Het Van Gogh Museum in de Hermitage Amsterdam,29 September 2012 - 25 April 2013,Hermitage Amsterdam
Korenveld met kraaien,Werken van Vincent van Gogh,4 July 1913 - 1 September 1913,Gebouw Lange Voorhout 1
Korenveld met kraaien,Works by Vincent van Gogh,1 December 1923 - 15 January 1924,Leicester Galleries
La Bohémienne endormie,Alfred Barr Memorial,"August 18, 1981 - October 21, 1981",The Museum of Modern Art
La Bohémienne endormie,Artist's Choice: John Baldessari,"March 17, 1994 - May 10, 1994",The Museum of Modern Art
La Bohémienne endormie,Collection 1880s-1940s,"October 21, 2019 - October 3, 2021",The Museum of Modern Art
La Bohémienne endormie,Collection Highlights,"February 28, 2002 - May 21, 2002",The Museum of Modern Art
La Bohémienne endormie,Composing with the Figure,"October 6, 1999 - February 1, 2000",The Museum of Modern Art
La Bohémienne endormie,Dislocations,"October 19, 1991 - January 7, 1992",The Museum of Modern Art
La Bohémienne endormie,"Dust, or How do you look when there's nothing left to move?","June 9, 10, 13, 14, 2015",The Museum of Modern Art
La Bohémienne endormie,Henri Rousseau,"February 21, 1985 - June 4, 1985",The Museum of Modern Art
La Bohémienne endormie,Henri Rousseau,"March 18, 1942 - May 3, 1942",The Museum of Modern Art
La Bohémienne endormie,New Acquisitions: Modern Primitives; Artists of the People,"October 21, 1941 - April 30, 1944",The Museum of Modern Art
La Bohémienne endormie,Painting and Sculpture from the Museum Collection,1964,The Museum of Modern Art
La Bohémienne endormie,Painting and Sculpture: Inaugural Installation,"November 20, 2004 - December 31, 2005",The Museum of Modern Art
La Bohémienne endormie,"Painting, Sculpture, Prints","May 10, 1939 - September 30, 1939",The Museum of Modern Art
La Bohémienne endormie,"Paintings, Sculpture and Graphic Arts from the Museum Collection",1946,The Museum of Modern Art
La Bohémienne endormie,"Selections from the Collections, Photography, Painting and Sculpture, Architecture and Design",1982 - 1983,The Museum of Modern Art
La Bohémienne endormie,"Selections from the Permanent Collection, Painting and Sculpture",1984,The Museum of Modern Art
La Bohémienne endormie,The Museum Collection of Painting and Sculpture,"June 20, 1945 - January 13, 1946",The Museum of Modern Art
La Bohémienne endormie,The Raw and the Cooked,"March 30, 2000 - September 19, 2000",The Museum of Modern Art
La Bohémienne endormie,We Create for Pleasure,"January 29, 1952 - March 23, 1952",The Museum of Modern Art
La Bohémienne endormie,XXVth Anniversary Exhibitions: Paintings,"October 19, 1954 - January 23, 1955",The Museum of Modern Art
La Bohémienne endormie,"Yvonne Rainer: The Concept of Dust, or How do you look when there's nothing left to move?","Jun 9 - 14, 2015",The Museum of Modern Art
La Promenade,An Enduring Legacy: Masterpieces from the Collection of Mr. and Mrs. Paul Mellon,1999 - 2000,National Gallery of Art
La Promenade,Around Impressionism: French Paintings from the National Gallery of Art,1999,Los Angeles County Museum of Art
La Promenade,Capolavori Impressionisti dei Musei Americani,1986 - 1987,Museo e Gallerie Nazionali di Capodimonte
La Promenade,Capolavori Impressionisti dei Musei Americani,1987 - 1987,Pinacoteca di Brera
La Promenade,Claude Monet - Fields in Spring,2006,Staatsgalerie Stuttgart
La Promenade,Claude Monet 1840-1926,2010 - 2011,Galeries nationales du Grand Palais
La Promenade,Claude Monet: 1840-1926,1995,The Art Institute of Chicago
La Promenade,Französische Impressionisten und ihre Wegbereiter aus der National Gallery of Art,1990,Cincinnati Art Museum
La Promenade,French Paintings from the Collections of Mr. and Mrs. Paul Mellon and Mrs. Mellon Bruce,1966,National Gallery of Art
La Promenade,"From El Greco to Cézanne: Masterpieces of European Painting from the National Gallery of Art, Washington, and The Metropolitan Museum of Art, New York",1992 - 1993,National Gallery of Greece
La Promenade,Gifts to the Nation: Selected Acquisitions from the Collections of Mr. and Mrs. Paul Mellon,1986,National Gallery of Art
La Promenade,Impressionist and Post-Impressionist Masterpieces from the National Gallery of Art,2011,Kyoto Municipal Museum of Art
La Promenade,Impressionist and Post-Impressionist Masterpieces from the National Gallery of Art,2011,The Museum of Fine Arts
La Promenade,Impressionist and Post-Impressionist Masterpieces from the National Gallery of Art,2011,The National Art Center
La Promenade,Le 2e Exposition de Peinture,1876,-
La Promenade,"Masterpieces from the National Gallery of Art, Washington",1999,Kyoto Municipal Museum of Art
La Promenade,"Masterpieces from the National Gallery of Art, Washington",1999,Tokyo Metropolitan Art Museum
La Promenade,Monet: Framing Life,2017-2018,Detroit Institute of Arts
La Promenade,Première exposition de collectionneurs au profit de la Société des Amis du Luxembourg,1924,-
La Promenade,Rings: Five Passions in World Art,1996,High Museum of Art
La Promenade,The Impressionists at Argenteuil,2000,National Gallery of Art
La Promenade,The Impressionists at Argenteuil,2000,Wadsworth Atheneum
La Promenade,The New Painting: Impressionism 1874-1886,1986,National Gallery of Art
La Promenade,The New Painting: Impressionism 1874-1887,1986,The Fine Arts Museums of San Francisco
La Promenade,Women in Impressionism: from Mythical Feminine to Modern Woman,2006 - 2007,Ny Carlsberg Glyptotek
Le Déjeuner sur l'herbe,Correspondances Anthony Caro Edouard Manet,2005 - 2006,musée d'Orsay
Le Déjeuner sur l'herbe,"De Corot aux impressionnistes, donations Moreau-Nélaton",1991,Galeries nationales du Grand Palais
Le Déjeuner sur l'herbe,Exposition des oeuvres de Edouard Manet,1884,Ecole nationale supérieure des Beaux-Arts
Le Déjeuner sur l'herbe,Exposition Universelle - Exposition centennale rétrospective de l'Art français de 1800 à 1889,1900,Galeries nationales du Grand Palais
Le Déjeuner sur l'herbe,"Impressionnisme : les origines, 1859-1869",1994,Galeries nationales du Grand Palais
Le Déjeuner sur l'herbe,Manet : 1832-1883,1983,Galeries nationales du Grand Palais
Le Déjeuner sur l'herbe,"Manet, inventeur du Moderne",2011,musée d'Orsay
Le Déjeuner sur l'herbe,Picasso / Manet. Le Déjeuner sur l'herbe,2008 - 2009,musée d'Orsay
Le Déjeuner sur l'herbe,Salon des refusés,1863,Salon des refusés
Le Déjeuner sur l'herbe,Six chefs d'oeuvre français,1999,musée d'Orsay
Le Déjeuner sur l'herbe,Spectaculaire Second Empire,2016 - 2017,musée d'Orsay
Le Déjeuner sur l'herbe,Tableaux de M. Edouard Manet,1867,"Exposition Universelle, pavillon Manet"
Le Déjeuner sur l'herbe,The Hidden Face of Manet,1986,Courtauld Institute of Art
Le Jardinage ou L'art des jardins,Exposition internationale des arts décoratifs,1925,Pavillon Fontaine
Le Rêve,Collection 1880s-1940s,"October 21, 2019 - April 11, 2021",The Museum of Modern Art
Le Rêve,Collection 1880s-1940s,"October 30, 2021-...",The Museum of Modern Art
Le Rêve,Collection Highlights,"May 25, 2000 - January 28, 2001",The Museum of Modern Art
Le Rêve,Henri Rousseau,"February 21, 1985 - June 4, 1985",The Museum of Modern Art
Le Rêve,Henri Rousseau,"March 18, 1942 - May 3, 1942",The Museum of Modern Art
Le Rêve,Modern Starts: Places,"October 27, 1999 - March 14, 2000",The Museum of Modern Art
Le Rêve,Painting and Sculpture from the Museum Collection,1964,The Museum of Modern Art
Le Rêve,"Painting, Sculpture, Prints","May 24, 1944 - October 15, 1944",The Museum of Modern Art
Le Rêve,Permanent Collection,1972,The Museum of Modern Art
Le Rêve,Selections from the Collection,September 1992 - January 1993,The Museum of Modern Art
Le Rêve,Selections from the Permanent Collection of Painting and Sculpture,1993,The Museum of Modern Art
Le Rêve,"Selections from the Permanent Collection, Painting and Sculpture",1984,The Museum of Modern Art
Le Rêve,Summer Exhibition: The Museum Collection and a Private Collection on Loan,"June 4, 1935 - September 24, 1935",The Museum of Modern Art
Le Rêve,The Museum Collection and a Private Collection on Loan,"Jul 20 - Sep 2, 1936",The Museum of Modern Art
Le Rêve,To Be Looked At: Painting and Sculpture from The Collection,"June 29, 2002 - September 6, 2004",The Museum of Modern Art
Le Rêve,XXVth Anniversary Exhibitions: Paintings,"October 19, 1954 - January 23, 1955",The Museum of Modern Art
Lincoln Center Print,Strict Beauty: Sol LeWitt Prints,"September 18, 2021 - January 09, 2022",New Britain Museum of American Art
Machine Ornament No. 2,Acquisitions: 1974-1977,25 March - 24 July 1977,Hirshhorn Museum and Sculpture Garden
Marie-Antoinette dit à la Rose,Vigée Le Brun (1755–1842): The Portraitist to Marie Antoinette,"June 10 - September 11, 2016",National Gallery of Canada
Marie-Antoinette dit à la Rose,Vigée Le Brun: Woman Artist in Revolutionary France,"February 15 - May 15, 2016",The Metropolitan Museum of Art
Mont Sainte-Victoire and Château Noir,Art in a Changing World: 1884-1964,1964,The Museum of Modern Art
Mont Sainte-Victoire and Château Noir,"Changing Visions: French Landscapes, 1880-1920","October 27, 1999 - March 14, 2000",The Museum of Modern Art
Mont Sainte-Victoire and Château Noir,Collection 1880s-1940s,"October 21, 2019 - October 3, 2021",The Museum of Modern Art
Mont Sainte-Victoire and Château Noir,Collection Highlights,"February 28, 2002 - May 21, 2002",The Museum of Modern Art
Mont Sainte-Victoire and Château Noir,Collection Highlights,"May 25, 2000 - January 28, 2001",The Museum of Modern Art
Mont Sainte-Victoire and Château Noir,Painting and Sculpture: Inaugural Installation,"November 20, 2004 - December 31, 2005",The Museum of Modern Art
Mont Sainte-Victoire and Château Noir,Permanent Collection,1972,The Museum of Modern Art
Mont Sainte-Victoire and Château Noir,Recent Acquisitions,"December 21, 1960 - February 5, 1961",Museum of Modern Art
Mont Sainte-Victoire and Château Noir,Selections from the Permanent Collection of Painting and Sculpture,1993,The Museum of Modern Art
Mont Sainte-Victoire and Château Noir,To Be Looked At: Painting and Sculpture from The Collection,"June 29, 2002 - September 6, 2004",The Museum of Modern Art
Mont Sainte-Victoire and Château Noir,Works of Art: Given or Promised,"October 8, 1958 - November 9, 1958",The Museum of Modern Art
Moulin Rouge: La Goulue,and the Avant-Garde—From Signac to Matisse and Beyond,"August 27, 2020 - January 2, 2021",The Museum of Modern Art
Moulin Rouge: La Goulue,Félix Fénéon: The Anarchist and the Avant-Garde—From Signac to Matisse and Beyond,"Aug 27, 2020 - Jan 2, 2021",The Museum of Modern Art
Moulin Rouge: La Goulue,Henri de Toulouse-Lautrec,"October 30, 1985 - January 26, 1986",The Museum of Modern Art
Moulin Rouge: La Goulue,Paris - The 1890s,"June 18, 1997 - September 2, 1997",The Museum of Modern Art
Moulin Rouge: La Goulue,The Power of Prints: The Legacy of William M. Ivins and A. Hyatt Mayor,"January 26 - May 22, 2016",The Metropolitan Museum of Art
Moulin Rouge: La Goulue,Toulouse-Lautrec from The Metropolitan Museum of Art,"April 5, 1999 - July 4, 1999",Denver Art Museum
Polar Stampede,Lee Krasner: Living Colour,-,Barbican Art Gallery
Portrait of Pablo Picasso,Cent ans de Peinture Française,"June 15 - 30, 1930",Galerie Georges Petit
Portrait of Pablo Picasso,Cubism,"April 5 - 30, 1949",Buchholz Gallery
Portrait of Pablo Picasso,Cubism 1910–1912,"January 3 - February 4, 1956",Sidney Janis Gallery
Portrait of Pablo Picasso,Cubism and Abstract Art,"March 2 - April 19, 1936",Museum of Modern Art
Portrait of Pablo Picasso,Die Meister Französischer Malerei der Gegenwart,"October 20 - November 23, 1947","Freiburg im Breisgau, Friedrichsbau"
Portrait of Pablo Picasso,Exposition Retrospective Juan Gris,"June 4 - 16, 1928",Galerie Simon
Portrait of Pablo Picasso,"Georges Braque, Juan Gris, Pablo Picasso","April 2 - 29, 1948",Kunsthalle
Portrait of Pablo Picasso,Hommage à Kahnweiler,"May 13 - June 8, 1957",Saidenberg Gallery
Portrait of Pablo Picasso,In Memoriam: Juan Gris,February 1930,Galerie Alfred Flechtheim
Portrait of Pablo Picasso,Internationale Kunstausstellung,June -September 1926,-
Portrait of Pablo Picasso,Juan Gris,"April 2 - 26, 1933",Kunsthaus Zurich
Portrait of Pablo Picasso,Juan Gris,"September 29 - October 26, 1958",Los Angeles County Museum
Portrait of Pablo Picasso,Juan Gris,"June 24 - July 24, 1958",Minneapolis Institute of Arts
Portrait of Pablo Picasso,Juan Gris,"October 23 - December 4, 1965",Museum am Ostwall
Portrait of Pablo Picasso,Juan Gris,"April 9 - June 1, 1958",Museum of Modern Art
Portrait of Pablo Picasso,Juan Gris,"October 15 - December 31, 1983",National Gallery of Art
Portrait of Pablo Picasso,Juan Gris,"March 14 - July 1, 1974",Orangerie des Tuileries
Portrait of Pablo Picasso,Juan Gris,"August 11 - September 14, 1958",San Francisco Museum of Art
Portrait of Pablo Picasso,Juan Gris,"May 18 - July 15, 1984",Solomon R. Guggenheim Museum
Portrait of Pablo Picasso,Juan Gris,"February 7 - April 8, 1983","University Art Museum, University of California"
Portrait of Pablo Picasso,Juan Gris,"December 28, 1965 - February 13, 1966",Wallraf-Richartz Museum
Portrait of Pablo Picasso,Juan Gris [1887–1927],"September 20 - November 24, 1985",Ministry of Culture
Portrait of Pablo Picasso,"Juan Gris, Georges Braque, Pablo Picasso","February 26 - March 24, 1948",Kunsthalle
Portrait of Pablo Picasso,L’Ecole de Paris,November 1938,Alex Reid and Lefevre
Portrait of Pablo Picasso,"L’Ecole de Paris, 1904–1929: la part de l’Autre","November 30, 2000 - March 11, 2001",Musée d’Art Moderne de la Ville de Paris
Portrait of Pablo Picasso,Le Futurisme et Paris,"October 15, 2008 - January 26, 2009",Centre national d’art et de culture Georges Pompidou
Portrait of Pablo Picasso,Painters of the Section d’Or: The Alternatives to Cubism,"September 27 - October 22, 1967",Albright-Knox Art Gallery
Portrait of Pablo Picasso,"Société des Artistes Indépendants, 28th Exposition","March 20 - May 16, 1912",-
Portrait of Pablo Picasso,Tentoonstelling van Fransche Kunst: Ecole de Paris,April 1932,Gemeentemuseum
Portrait of Pablo Picasso,The Age of Picasso and Matisse: Modern Masters from the Art Institute of Chicago,"Oct. 6, 2013 - Feb. 16, 2014",Kimbell Art Museum
Portrait of Pablo Picasso,The Art of Today,"January 3 - 31, 1936",Albright Art Gallery
Portrait of Pablo Picasso,The Art of Today,"January 3 - 31, 1936",Buffalo Fine Arts Academy
Portrait of Pablo Picasso,The Cubist Epoch,"December 15, 1970 - February 2, 1971",Los Angeles County Museum of Modern Art
Portrait of Pablo Picasso,The Cubist Epoch,"April 7 - June 7, 1971",Metropolitan Museum of Art
Portrait of Pablo Picasso,The Image Lost and Found,"May 14 - August 28, 1960",Institute of Contemporary Art
Portrait of Pablo Picasso,The Spanish Portrait: From El Greco to Picasso,"October 20, 2004 - February6, 2005",Museo Nacional del Prado
Queen Esther,Queens & sirens: Archaeology in 19th century art and design,26 September - 1 November 1998,Geelong Art Gallery
Queen Esther,Victorian Olympians,20 June - 20 July 1975,Art Gallery of New South Wales
Queen Esther,Victorian Olympians,26 September - 26 October 1975,Art Gallery of South Australia
Queen Esther,Victorian Olympians,12 August - 14 September 1975,National Gallery of Victoria
The Brooklyn Bridge: Variation on an Old Theme,America Is Hard to See,"May 1 - Sept 27, 2015",Whitney Museum of American Art
The Brooklyn Bridge: Variation on an Old Theme,American Legends: From Calder to O’Keeffe,"Dec 22, 2012 - June 29, 2014",Whitney Museum of American Art
The Brooklyn Bridge: Variation on an Old Theme,Full House: Views of the Whitney’s Collection at 75,"June 29 -Sept 3, 2006",Whitney Museum of American Art
The Brooklyn Bridge: Variation on an Old Theme,Highlights from the Permanent Collection: From Hopper to Mid-Century,"Feb 25, 2000 - May 20, 2006",Whitney Museum of American Art
The Brooklyn Bridge: Variation on an Old Theme,Modernisms,"Aug 29, 2007 - Jan 13, 2008",Whitney Museum of American Art
The Brooklyn Bridge: Variation on an Old Theme,The Whitney's Collection,"Sept 28, 2015 - Apr 4, 2016",Whitney Museum of American Art
The Brooklyn Bridge: Variation on an Old Theme,The Whitney’s Collection: Selections from 1900 to 1965,"October 30, 2021 - ...",Whitney Museum of American Art
The Brooklyn Bridge: Variation on an Old Theme,"Where We Are: Selections from the Whitney’s Collection, 1900–1960","Apr 28, 2017 - June 2, 2019",Whitney Museum of American Art
The Emancipation Approximation,Kara Walker: The Emancipation Approximation,"October 25, 2003 - February 8, 2004",Buffalo AKG Art Museum
The Emancipation Approximation,Kara Walker: The Emancipation Approximation,"Feb 15, 2009 - May 31, 2009",Casteliani Art Museum
The Emancipation Approximation,Kara Walker: The Emancipation Approximation,"May 26, 2017 - August 26, 2017",Figge Art Museum
The Emperor Napoleon in His Study at the Tuileries,"Citizens and Kings: Portraits in the Age of Revolution, 1760-1830",2006-2007,Galeries nationales du Grand Palais
The Emperor Napoleon in His Study at the Tuileries,"Citizens and Kings: Portraits in the Age of Revolution, 1760-1831",2006-2008,Royal Academy of Arts
The Emperor Napoleon in His Study at the Tuileries,David. Exhibition of Paintings and Drawings,1948 - 1949,City Art Gallery
The Emperor Napoleon in His Study at the Tuileries,David. Exhibition of Paintings and Drawings,1948 - 1949,Tate Gallery
The Emperor Napoleon in His Study at the Tuileries,David. Exhibition of Paintings and Drawings,1948 - 1949,The Arts Council of Great Britain
The Emperor Napoleon in His Study at the Tuileries,De David à Toulouse-Lautrec,1955,Musée de l'Orangerie
The Emperor Napoleon in His Study at the Tuileries,French Connections: Scotland and the Art of France,1985,Royal Museum of Scotland
The Emperor Napoleon in His Study at the Tuileries,French Painting 1774-1830: The Age of Revolution,1974-1975,Detroit Institute of Arts
The Emperor Napoleon in His Study at the Tuileries,French Painting 1774-1830: The Age of Revolution,1974-1975,Grand Palais
The Emperor Napoleon in His Study at the Tuileries,French Painting 1774-1830: The Age of Revolution,1974-1975,The Metropolitan Museum of Art
The Emperor Napoleon in His Study at the Tuileries,Jacques-Louis David 1748-1825,1989 - 1990,Musée du Louvre
The Emperor Napoleon in His Study at the Tuileries,Jacques-Louis David: Empire to Exile,2005,Sterling and Francine Clark Art Institute
The Emperor Napoleon in His Study at the Tuileries,Jacques-Louis David: Empire to Exile,2005,The J. Paul Getty Museum
The Emperor Napoleon in His Study at the Tuileries,Loan for display with permanent collection,2016,Art Institute of Chicago
The Fall of the Titans,100 Mesterværker Sølvgade,Jun 1996 - Aug 1996,Statens Museum
The Fall of the Titans,Christian IV og Europa : den 19. Europarådsudstilling Sølvgade,Mar 1988 - Sep 1988,Statens Museum
The Fall of the Titans,Clinch! Sølvgade,Apr 2004 - Nov 2004,Statens Museum
The Fall of the Titans,Renæssancen i 1500-tallet Nivaagaards Malerisamling,Oct 1996 - Mar 1997,Statens Museum
The Mud Bath,-,September 1960,-
The Mud Bath,-,July 191,Chenil Gallery
The Mud Bath,-,March 1964,Marlborough Fine Art Ltd.
The Peaceable Kingdom,A Celebration of American Ideals: Paintings from the Brooklyn Museum,"May 27, 1990 - July 22, 1990",Brooklyn Museum
The Peaceable Kingdom,American Art,"April 21, 2016 - December 31, 2017",Brooklyn Museum
The Peaceable Kingdom,American Identities: A New Look,"September 12, 2001 - February 28, 2016",Brooklyn Museum
The Triumph of Venus,400 Years of Art in the East and West—From the Collection of Tokyo Fuji Art Museum,"Jun 14, 1997 - Jul 7, 1997",Ishikawa Prefectural Museum of Art
The Triumph of Venus,500 Years of Western Paintings: Collection of Tokyo Fuji Art Museum,"Jan 12, 2019 - May 4, 2019",Shanghai PowerLong Museum
The Triumph of Venus,500 Years of Western Paintings: Collection of Tokyo Fuji Art Museum,"Oct 23, 2018 - Dec 23, 2018",Tsinghua University Art Museum
The Triumph of Venus,Masterpieces of European Oil Painting,"Nov 3, 1990 - Dec 2, 1990",Ho-Am Art Museum
The Triumph of Venus,Masterpieces of European Oil Painting,"Sep 22, 1990 - Oct 21, 1990",Ho-Am Gallery
The Triumph of Venus,Masterpieces of European Oil Painting: The Paintings in 20th Century from the Renaissance to Impressionism,"Oct 16, 1992 - Nov 5, 1992",China Art Gallery
The Triumph of Venus,Masterpieces of Western Oil Painting from the TFAM Collection,"Oct 14, 1997 - Nov 30, 1997",Hong Kong Museum of Art
The Triumph of Venus,Masterpieces of Western Paintings from the Renaissance to the 20th Century,"Oct 1, 2000 - Dec 3, 2000",National Dr. Sun Yat-sen Memorial Hall
The Triumph of Venus,Through the Eyes of René Huyghe: The Splendor of French Paintings — Formation and Transformation of the “Grande Manière”,"Feb 4, 2020 - Mar 29, 2020",Kyushu National Museum
The Triumph of Venus,Through the Eyes of René Huyghe: The Splendor of French Paintings — Formation and Transformation of the “Grande Manière”,"May 26, 2020 - Aug 16, 2020",Osaka City Museum of Fine Arts
Three Pujarins,Jamini Roy (1887-1972) Centenary Exhibition,1987,National Gallery of Modern Art
Three Pujarins,Jamini Roy: Journey to the Roots 1887 - 1972,June - December 2013,National Gallery of Modern Art
Девятый вал,«Моря блеск лазурный»: 200 лет Айвазовскому,"6 − July 30, 2017",Одесский историко-краеведческий музей
Строящийся дом,16-aya Gos. Vystavka. Personal'naya vystavka K.S. Malevicha. Ego put' ot impressionizma k suprematizmu,December 1919 - 1920,-
Строящийся дом,Abstrakte und Surrealistische Malerei und Plastik,6 October - 3 November 1929,Kunsthaus Zurich
Строящийся дом,From Monet to Mondrian: Modern Masterpieces From Dresden's Private Collection in the first half of the 20th century,16 September 2006 - 14 January 2007,Staatliche Kunstsammlungen Dresden
Строящийся дом,Genesis of a Gallery 1976–77,6 March - 4 April 1976,Art Gallery of South Australia
Строящийся дом,Genesis of a Gallery 1976–78,29 April - 20 May 1976,Art Gallery of Western Australia
Строящийся дом,Genesis of a Gallery 1976–79,19 July - 2 August 1976,"Art Gallery, NZV Building"
Строящийся дом,Genesis of a Gallery 1976–80,30 August - 12 September 1976,Darnell Gallery
Строящийся дом,Genesis of a Gallery 1976–81,1 October - 24 October 1976,Art Gallery of New South Wales
Строящийся дом,Genesis of a Gallery 1976–82,27 January - 20 February 1977,Tasmanian Museum and Art Gallery
Строящийся дом,Genesis of a Gallery 1976–83,10 March - 3 April 1977,"Melville Hall, Australian National University"
Строящийся дом,Genesis of a Gallery 1976–84,21 July - 20 August 1978,National Gallery of Victoria
Строящийся дом,Grosse Berliner Kunstausstellung: Kasimir Malevich,7 May - 30 September 1927,Lehrter Bahnhof
Строящийся дом,Kazimir Malevich,4 February - 28 March 1974,Pasadena Art Museum
Строящийся дом,Kazimir Malevich,16 November 1973 - 13 January 1974,Solomon R. Guggenheim Museum
Строящийся дом,Konkrete Kunst,18 March - 16 April 1944,Kunsthalle
Строящийся дом,Paintings from Private Collections,31 May - 5 September 1955,Museum of Modern Art
Строящийся дом,Paths to Abstraction,"Sydney, 26 May - 19 October 2010",Art Gallery of New South Wales
Строящийся дом,The Struggle for a New Form,22 January - 23 February 1957,World House Galleries
Строящийся дом,Young Collectors at the Museum's Guest House,5 - 28 November 1954,Junior Council of Museum of Modern Art
神奈川沖浪裏,A Sense of Place: Landscape in Japanese Art,"May 8 - September 8, 2002",The Metropolitan Museum of Art
神奈川沖浪裏,A Survey of Japanese Prints: Moronobu to Nensho,"February 14, 1980 - March 2, 1980",Skidmore College
神奈川沖浪裏,Art Nouveau,"August 1, 1976 - October 31, 1976",Art Institute of Chicago
神奈川沖浪裏,Art Nouveau,"March 1, 1976 - June 30, 1976","Institute for the Fine Arts, Rice University"
神奈川沖浪裏,Discovering Japanese Art: American Collectors and the Met,"February 14 - September 27, 2015",The Metropolitan Museum of Art
神奈川沖浪裏,Great Waves: Chinese Themes in the Arts of Korea and Japan I,"March 1 - September 21, 2003",The Metropolitan Museum of Art
神奈川沖浪裏,Hokusai: Il Vecchio Pazzo per la Pittura,"October 1, 1999 - January 9, 2000",Palazzo Reale
神奈川沖浪裏,Hokusai: Thirty-Six Views of Mount Fuji,"March 24, 2012 - June 17, 2012",Arthur M. Sackler Gallery
神奈川沖浪裏,Hokusai: Thirty-Six Views of Mount Fuji,"March 24, 2012 - June 17, 2012",Freer Gallery of Art
神奈川沖浪裏,Katsushika Hokusai,"May 24, 1992 - July 19, 1992",Dallas Museum of Art
神奈川沖浪裏,Katsushika Hokusai,"November 15, 1991 - February 9, 1992",Royal Academy of Arts
神奈川沖浪裏,"Making The Met, 1870–2020","August 29, 2020 - January 3, 2021",The Metropolitan Museum of Art
神奈川沖浪裏,Poetry and Travel in Japanese Art,"December 18, 2008 - May 31, 2009",The Metropolitan Museum of Art
神奈川沖浪裏,Ukiyo-e from the Metropolitan Museum of Art,"April 14, 1995 - May 28, 1995",Nagoya City Museum
飛越の堺つりはし,"A Sensitivity to the Seasons: Spring and Summer,","December 17, 2005 - June 4, 2006.",The Metropolitan Museum of Art
飛越の堺つりはし,Blossoms of Many Colors: A Selection from the Permanent Collection of Japanese Art,"March 21 - August 9, 2000",The Metropolitan Museum of Art
飛越の堺つりはし,Hokusai: Il Vecchio Pazzo per la Pittura,"October 1, 1999 - January 9, 2000",Palazzo Reale